<?xml version="1.0" encoding="UTF-8"?>
<!DOCTYPE fontscolors PUBLIC "-//NetBeans//DTD Editor Fonts and Colors settings 1.1//EN" "http://www.netbeans.org/dtds/EditorFontsColors-1_1.dtd">
<fontscolors>
    <fontcolor foreColor="white" name="Text">
        <font style="plain"/>
    </fontcolor>
    <fontcolor default="error" name="errors"/>
    <fontcolor default="keyword" foreColor="ff0066ff" name="Stepkeyword">
        <font style="italic"/>
    </fontcolor>
    <fontcolor default="comment" name="Tag">
        <font style="plain"/>
    </fontcolor>
    <fontcolor foreColor="ffb20000" name="Number">
        <font style="plain"/>
    </fontcolor>
    <fontcolor default="string" foreColor="ffee7700" name="string">
        <font style="plain"/>
    </fontcolor>
    <fontcolor default="keyword" foreColor="green" name="keyword">
        <font style="bold"/>
    </fontcolor>
    <fontcolor default="whitespace" name="whitespace"/>
    <fontcolor foreColor="ff009933" name="Placeholder">
        <font style="italic"/>
    </fontcolor>
    <fontcolor default="keyword" foreColor="orange" name="Featurekeyword">
        <font style="italic"/>
    </fontcolor>
    <fontcolor foreColor="ff009933" name="Table">
        <font style="italic"/>
    </fontcolor>
    <fontcolor default="comment" name="comment">
        <font style="italic"/>
    </fontcolor>
</fontscolors>
